gvkey,fyear,conm,Symbol,CIK,ap,at,capx,cogs,epsfx,gp,invt,ni,rect,sale,calc_gvkey,calc_fyear,calc_ap,calc_at,calc_capx,calc_cogs,calc_epsfx,calc_gp,calc_invt,calc_ni,calc_rect,calc_sale,_merge
1209,2019,AIR PRODUCTS & CHEMICALS INC,APD,2969.0,528.2,18942.8,1989.7,4892.7,7.94,4026.2,388.3,1760.0,1415.4,8918.9,,,,,,,,,,,,,both
1209,2022,AIR PRODUCTS & CHEMICALS INC,APD,2969.0,1120.7,27192.6,2926.5,8000.3,10.08,4698.3,514.2,2256.1,1941.2,12698.6,0.0,0.1485884101040119,112.1734191594093,43.55111176805963,47.08247474493642,63.51503259958715,26.952141057934504,16.69315980328847,32.42338398145764,28.187499999999993,37.148509255334176,42.3785444393367,both
1327,2019,SKYWORKS SOLUTIONS INC,SWKS,4127.0,190.5,4839.6,398.4,1353.0,4.89,2023.8,609.7,853.6,465.3,3376.8,,,,,,,,,,,,,both
1327,2022,SKYWORKS SOLUTIONS INC,SWKS,4127.0,274.2,8873.8,489.4,2290.0,7.81,3195.5,1212.1,1275.2,1094.0,5485.5,0.0,0.1485884101040119,43.93700787401574,83.35812877097278,22.841365461847392,69.25351071692535,59.71370143149285,57.89603715782192,98.80268984746594,49.39081537019682,135.11712873415001,62.446695095948826,both
1632,2019,ANALOG DEVICES INC,ADI,6281.0,225.27,21392.641,275.372,1595.105,3.65,4395.96,609.886,1363.011,635.136,5991.065,,,,,,,,,,,,,both
1632,2022,ANALOG DEVICES INC,ADI,6281.0,582.16,50302.35,699.308,2925.156,5.25,9088.797,1399.914,2748.561,1800.462,12013.953,0.0,0.1485884101040119,158.42766458028143,135.13856938000316,153.9502926949726,83.38328824748214,43.83561643835617,106.7534053995032,129.5369954384918,101.65361834937502,183.47660973397825,100.53117434045534,both
1690,2019,APPLE INC,AAPL,320193.0,46236.0,338516.0,10495.0,150482.0,11.89,109692.0,4106.0,55256.0,45804.0,260174.0,,,,,,,,,,,,,both
1690,2022,APPLE INC,AAPL,320193.0,64115.0,352755.0,10708.0,214846.0,6.11,179482.0,4946.0,99803.0,60932.0,394328.0,0.0,0.1485884101040119,38.66900250886755,4.2063004407472615,2.0295378751786566,42.771892983878466,-48.61227922624054,63.62360062721073,20.45786653677545,80.61929926161865,33.027683171775394,51.563184637973045,both
1704,2019,APPLIED MATERIALS INC,AMAT,6951.0,958.0,19024.0,441.0,7859.0,2.86,6749.0,3474.0,2706.0,2641.0,14608.0,,,,,,,,,,,,,both
1704,2022,APPLIED MATERIALS INC,AMAT,6951.0,1755.0,26726.0,787.0,13361.0,7.44,12424.0,5932.0,6525.0,6241.0,25785.0,0.0,0.1485884101040119,83.19415448851774,40.48570227081581,78.45804988662131,70.00890698562158,160.13986013986013,84.086531337976,70.75417386298216,141.13082039911308,136.31200302915562,76.51286966046003,both
1878,2019,AUTODESK INC,ADSK,769397.0,83.7,6179.3,53.2,238.6,0.96,3035.7,0.0,214.5,652.3,3274.3,,,,,,,,,,,,,both
1878,2022,AUTODESK INC,ADSK,769397.0,102.0,9438.0,40.0,372.0,3.78,4633.0,0.0,823.0,961.0,5005.0,0.0,0.1485884101040119,21.863799283154115,52.7357467674332,-24.812030075187973,55.909471919530596,293.75,52.617188786770775,,283.68298368298366,47.324850528897755,52.85709922731575,both
2111,2019,BECTON DICKINSON & CO,BDX,10795.0,1092.0,51765.0,957.0,6872.0,3.94,10418.0,2579.0,1233.0,2346.0,17290.0,,,,,,,,,,,,,both
2111,2022,BECTON DICKINSON & CO,BDX,10795.0,1699.0,52934.0,973.0,8162.0,5.38,10708.0,3224.0,1779.0,2191.0,18870.0,0.0,0.1485884101040119,55.58608058608059,2.258282623394185,1.671891327063741,18.771827706635623,36.54822335025381,2.7836436936072184,25.009693679720822,44.28223844282238,-6.606990622335891,9.13823019086177,both
2184,2019,BEST BUY CO INC,BBY,764478.0,5288.0,15591.0,743.0,32850.0,5.75,10788.0,5174.0,1541.0,1149.0,43638.0,,,,,,,,,,,,,both
2184,2022,BEST BUY CO INC,BBY,764478.0,5687.0,15803.0,930.0,35554.0,6.29,10744.0,5140.0,1419.0,1141.0,46298.0,0.0,0.1485884101040119,7.545385779122542,1.3597588352254506,25.168236877523555,8.231354642313546,9.391304347826088,-0.4078605858361142,-0.6571318129107073,-7.91693705386113,-0.6962576153176675,6.095604748155278,both
2285,2019,BOEING CO,BA,12927.0,15553.0,133625.0,1834.0,69840.0,-1.12,14978.0,76622.0,-636.0,12471.0,84818.0,,,,,,,,,,,,,both
2285,2022,BOEING CO,BA,12927.0,10200.0,137100.0,1222.0,59688.0,-8.3,6920.0,78151.0,-4935.0,11305.0,66608.0,0.0,0.1485884101040119,-34.41779720954157,2.6005612722170253,-33.36968375136314,-14.536082474226806,641.0714285714286,-53.79890506075577,1.9955104278144657,675.9433962264151,-9.349691283778366,-21.46949939871254,both
2435,2019,BROWN FORMAN CORP,BF.B,14693.0,131.0,5766.0,119.0,1162.0,1.72,2201.0,1685.0,827.0,570.0,3363.0,,,,,,,,,,,,,both
2435,2022,BROWN FORMAN CORP,BF.B,14693.0,,,,,,,,,,,,,,,,,,,,,,,left_only
2663,2019,CAMPBELL SOUP CO,CPB,16732.0,814.0,13148.0,384.0,5081.0,1.57,3026.0,863.0,211.0,574.0,8107.0,,,,,,,,,,,,,both
2663,2022,CAMPBELL SOUP CO,CPB,16732.0,1334.0,11892.0,242.0,5634.0,2.51,2928.0,1246.0,757.0,541.0,8562.0,0.0,0.1485884101040119,63.882063882063875,-9.552783693337389,-36.97916666666667,10.883684314111395,59.87261146496813,-3.238598810310641,44.3800695249131,258.7677725118483,-5.7491289198606275,5.612433699272234,both
2710,2019,CONSTELLATION BRANDS,STZ,16918.0,557.6,27323.2,726.5,3743.5,-0.06,4600.0,1373.6,-11.8,1215.2,8343.5,,,,,,,,,,,,,both
2710,2022,CONSTELLATION BRANDS,STZ,16918.0,941.5,24662.3,1035.4,4295.5,-0.37,5157.1,1898.7,-71.0,901.6,9452.6,0.0,0.1485884101040119,68.8486370157819,-9.738610411664817,42.51892635925672,14.74555896887939,516.6666666666667,12.1108695652174,38.228013977868386,501.6949152542373,-25.806451612903224,13.292982561275249,both
2751,2019,CARDINAL HEALTH INC,CAH,721371.0,21535.0,40963.0,328.0,138260.0,4.53,7274.0,12822.0,1363.0,8460.0,145534.0,,,,,,,,,,,,,both
2751,2022,CARDINAL HEALTH INC,CAH,721371.0,27128.0,43878.0,387.0,174407.0,-3.35,6957.0,15636.0,-933.0,10573.0,181364.0,0.0,0.1485884101040119,25.971674019038776,7.116178014305592,17.98780487804878,26.144221032836683,-173.9514348785872,-4.357987352213363,21.946654188114177,-168.45194424064562,24.976359338061467,24.61967650171094,both
3121,2019,CLOROX CO/DE,CLX,21076.0,507.0,5116.0,206.0,3323.0,6.32,2891.0,512.0,820.0,631.0,6214.0,,,,,,,,,,,,,both
3121,2022,CLOROX CO/DE,CLX,21076.0,960.0,6158.0,251.0,4369.0,3.73,2738.0,755.0,462.0,681.0,7107.0,0.0,0.1485884101040119,89.3491124260355,20.367474589523066,21.844660194174757,31.4775804995486,-40.98101265822785,-5.292286406087858,47.4609375,-43.65853658536585,7.923930269413629,14.370775667846797,both
3336,2019,DXC TECHNOLOGY CO,DXC,1688568.0,1598.0,26006.0,350.0,14901.0,-20.76,4676.0,0.0,-5369.0,4392.0,19577.0,,,,,,,,,,,,,both
3336,2022,DXC TECHNOLOGY CO,DXC,1688568.0,,,,,,,,,,,,,,,,,,,,,,,left_only
3362,2019,CONAGRA BRANDS INC,CAG,23217.0,1525.6,22304.0,369.5,7562.7,1.72,3491.7,1377.9,840.1,860.8,11054.4,,,,,,,,,,,,,both
3362,2022,CONAGRA BRANDS INC,CAG,23217.0,,,,,,,,,,,,,,,,,,,,,,,left_only
3504,2019,COOPER COS INC (THE),COO,711404.0,150.1,6274.5,292.1,733.4,9.33,1920.0,506.9,466.7,435.3,2653.4,,,,,,,,,,,,,both
3504,2022,COOPER COS INC (THE),COO,711404.0,248.8,11492.3,242.0,953.7,7.76,2354.7,628.7,385.8,557.8,3308.4,0.0,0.1485884101040119,65.75616255829448,83.15881743565224,-17.15166039027731,30.03817834742297,-16.827438370846735,22.64062499999999,24.028407970013824,-17.334476108849366,28.141511601194562,24.685309414336324,both
3813,2019,TARGET CORP,TGT,27419.0,9920.0,42779.0,3027.0,54617.0,6.34,23495.0,8992.0,3281.0,962.0,78112.0,,,,,,,,,,,,,both
3813,2022,TARGET CORP,TGT,27419.0,13487.0,53335.0,5528.0,81914.0,5.98,27206.0,13499.0,2780.0,1695.0,109120.0,0.0,0.1485884101040119,35.95766129032258,24.67565861754599,82.62305913445655,49.978944284746504,-5.678233438485796,15.794849968078314,50.122330960854086,-15.269734836939957,76.1954261954262,39.69684555510037,both
3835,2019,DEERE & CO,DE,315189.0,2160.0,73011.0,3449.0,26413.0,10.15,12845.0,5975.0,3253.0,40295.0,39258.0,,,,,,,,,,,,,both
3835,2022,DEERE & CO,DE,315189.0,3894.0,90030.0,3788.0,34755.0,23.28,17424.0,8495.0,7131.0,50763.0,52179.0,0.0,0.1485884101040119,80.27777777777779,23.31018613633562,9.828935923456074,31.582932646802707,129.35960591133005,35.64811210587777,42.17573221757322,119.2130341223486,25.97840923191463,32.91303683325692,both
3980,2019,DISNEY (WALT) CO,DIS,1744489.0,13778.0,193984.0,4876.0,42018.0,6.27,27552.0,6246.0,11054.0,15481.0,69570.0,,,,,,,,,,,,,both
3980,2022,DISNEY (WALT) CO,DIS,1744489.0,15554.0,203631.0,4943.0,54401.0,1.75,29344.0,3632.0,3145.0,12652.0,83745.0,0.0,0.1485884101040119,12.89011467556975,4.97309056417024,1.3740771123872026,29.47070303203389,-72.08931419457734,6.504065040650407,-41.85078450208133,-71.54876062963633,-18.274013306633936,20.3751617076326,both
4321,2019,EMERSON ELECTRIC CO,EMR,32604.0,1874.0,20497.0,594.0,9973.0,3.71,8399.0,1880.0,2306.0,3441.0,18372.0,,,,,,,,,,,,,both
4321,2022,EMERSON ELECTRIC CO,EMR,32604.0,2028.0,35672.0,531.0,10700.0,5.41,8929.0,2191.0,3231.0,3979.0,19629.0,0.0,0.1485884101040119,8.217716115261473,74.03522466702445,-10.606060606060606,7.289682141782813,45.82210242587602,6.310275032741994,16.54255319148936,40.112749349522986,15.634989828538215,6.841933376877858,both
4598,2019,FEDEX CORP,FDX,1048911.0,3269.0,73537.0,5868.0,52258.0,4.9,16959.0,572.0,1286.0,10665.0,69217.0,,,,,,,,,,,,,both
4598,2022,FEDEX CORP,FDX,1048911.0,,,,,,,,,,,,,,,,,,,,,,,left_only
5071,2019,GENERAL MILLS INC,GIS,40704.0,3247.7,30806.7,460.8,10855.4,3.56,6771.2,1426.3,2181.2,1770.9,17626.6,,,,,,,,,,,,,both
5071,2022,GENERAL MILLS INC,GIS,40704.0,,,,,,,,,,,,,,,,,,,,,,,left_only
5606,2019,HP INC,HPQ,47217.0,14793.0,33467.0,671.0,46963.0,2.07,11793.0,5734.0,3152.0,8939.0,58756.0,,,,,,,,,,,,,both
5606,2022,HP INC,HPQ,47217.0,15284.0,38587.0,791.0,50106.0,3.05,12877.0,7595.0,3203.0,6891.0,62983.0,0.0,0.1485884101040119,3.319137429865477,15.298652403860519,17.883755588673623,6.692502608436429,47.34299516908213,9.191893496141779,32.4555284269271,1.618020304568528,-22.910840138717976,7.1941588944107835,both
5680,2019,HOME DEPOT INC,HD,354950.0,7787.0,51236.0,2678.0,72419.0,10.25,37806.0,14531.0,11242.0,2106.0,110225.0,,,,,,,,,,,,,both
5680,2022,HOME DEPOT INC,HD,354950.0,11443.0,76445.0,3119.0,104324.0,16.69,53079.0,24886.0,17105.0,3317.0,157403.0,0.0,0.1485884101040119,46.95004494670605,49.201733156374424,16.467513069454817,44.05611786961985,62.82926829268294,40.39834946833836,71.26144105705045,52.15264187866928,57.502374169040834,42.80154229984123,both
5709,2019,HORMEL FOODS CORP,HRL,48465.0,590.033,8109.004,293.838,7447.901,1.8,2049.416,1042.362,978.806,594.32,9497.317,,,,,,,,,,,,,both
5709,2022,HORMEL FOODS CORP,HRL,48465.0,816.604,13306.919,278.919,10061.82,1.82,2396.986,1716.059,999.987,874.77,12458.806,0.0,0.1485884101040119,38.39971662601923,64.10053565148075,-5.077287484940695,35.09604920903218,1.111111111111112,16.959465525788794,64.63176900155607,2.1639630325110315,47.18838336249831,31.182374980218114,both
6216,2019,JACOBS SOLUTIONS INC,J,52988.0,1072.645,11462.711,135.977,10086.602,2.09,2651.266,,847.184,2840.209,12737.868,,,,,,,,,,,,,both
6216,2022,JACOBS SOLUTIONS INC,J,52988.0,966.792,14660.419,127.615,11293.096,4.98,3629.729,,644.039,3405.381,14922.825,0.0,0.1485884101040119,-9.868409399195443,27.896611892247837,-6.149569412474174,11.961352296838902,138.27751196172252,36.90550099461916,,-23.978852291827984,19.898958140052372,17.153239458911024,both
6304,2019,KLA CORP,KLAC,319201.0,202.416,9008.516,130.498,1744.39,7.49,2824.514,1262.5,1175.617,1084.128,4568.904,,,,,,,,,,,,,both
6304,2022,KLA CORP,KLAC,319201.0,443.338,12597.088,307.32,3325.484,21.92,5886.399,2146.889,3321.807,1926.624,9211.883,0.0,0.1485884101040119,119.02319974705557,39.835329148552326,135.4978620361998,90.63879063741479,192.65687583444594,108.40395905277865,70.05061386138614,182.55860539614514,77.711856902506,101.62128598018253,both
6565,2019,LAM RESEARCH CORP,LRCX,707549.0,376.561,12001.333,303.491,5032.13,13.7,4621.429,1540.14,2191.43,1455.522,9653.559,,,,,,,,,,,,,both
6565,2022,LAM RESEARCH CORP,LRCX,707549.0,1011.208,17195.632,546.034,9076.209,32.75,8150.83,3966.294,4605.286,4313.818,17227.039,0.0,0.1485884101040119,168.53763400883255,43.281017200339335,79.91769113416873,80.36515352345826,139.05109489051094,76.37033913103501,157.52814679185005,110.14981085409985,196.37600805759035,78.4527240160857,both
6774,2019,LOCKHEED MARTIN CORP,LMT,936468.0,1281.0,47528.0,1484.0,50196.0,21.95,9616.0,3619.0,6230.0,11431.0,59812.0,,,,,,,,,,,,,both
6774,2022,LOCKHEED MARTIN CORP,LMT,936468.0,2117.0,52880.0,1670.0,56193.0,21.66,9791.0,3088.0,5732.0,14823.0,65984.0,0.0,0.1485884101040119,65.26151444184231,11.260730516748023,12.533692722371967,11.947167104948601,-1.3211845102505657,1.819883527454243,-14.672561481072119,-7.993579454253612,29.67369433995276,10.318999531866515,both
7146,2019,MCCORMICK & CO INC,MKC,63754.0,846.9,10362.1,173.7,3054.5,5.24,2292.9,801.2,704.6,502.9,5347.4,,,,,,,,,,,,,both
7146,2022,MCCORMICK & CO INC,MKC,63754.0,1171.0,13124.9,262.0,3875.4,2.55,2475.1,1340.1,688.2,573.7,6350.5,0.0,0.1485884101040119,38.26898098949109,26.66254909719072,50.83477259643063,26.875102308070066,-51.335877862595424,7.946268917091884,67.26160758861705,-2.3275617371558295,14.07834559554585,18.75864906309609,both
7171,2019,MCKESSON CORP,MCK,927653.0,37195.0,61247.0,362.0,218710.0,4.99,12341.0,16734.0,900.0,19950.0,231051.0,,,,,,,,,,,,,both
7171,2022,MCKESSON CORP,MCK,927653.0,,,,,,,,,,,,,,,,,,,,,,,left_only
7228,2019,MEDTRONIC PLC,MDT,1613103.0,1996.0,90689.0,1213.0,8337.0,3.54,20576.0,4229.0,4789.0,4645.0,28913.0,,,,,,,,,,,,,both
7228,2022,MEDTRONIC PLC,MDT,1613103.0,,,,,,,,,,,,,,,,,,,,,,,left_only
7343,2019,MICRON TECHNOLOGY INC,MU,723125.0,1677.0,48887.0,9780.0,7364.0,5.51,16042.0,5118.0,6313.0,3195.0,23406.0,,,,,,,,,,,,,both
7343,2022,MICRON TECHNOLOGY INC,MU,723125.0,2142.0,66283.0,12067.0,9744.0,7.75,21014.0,6663.0,8687.0,5130.0,30758.0,0.0,0.1485884101040119,27.72808586762075,35.58410211303619,23.38445807770961,32.31939163498099,40.65335753176044,30.993641690562274,30.187573270808908,37.6049421827974,60.56338028169014,31.410749380500725,both
7906,2019,NIKE INC  -CL B,NKE,320187.0,2248.0,31342.0,1086.0,20441.0,1.6,16962.0,7367.0,2539.0,2749.0,37403.0,,,,,,,,,,,,,both
7906,2022,NIKE INC  -CL B,NKE,320187.0,,,,,,,,,,,,,,,,,,,,,,,left_only
7921,2019,NORDSON CORP,NDSN,72331.0,85.139,3516.447,64.244,891.349,5.79,1302.877,283.399,337.091,530.765,2194.226,,,,,,,,,,,,,both
7921,2022,NORDSON CORP,NDSN,72331.0,99.276,3820.375,51.428,1062.256,8.81,1528.022,383.398,513.103,537.313,2590.278,0.0,0.1485884101040119,16.604611282725898,8.643042252591888,-19.94894464852749,19.173971138128838,52.15889464594129,17.28060285046094,35.285586752246836,52.21498052454676,1.2336909931890765,18.049735988909056,both
7985,2019,NORTHROP GRUMMAN CORP,NOC,1133421.0,2226.0,41089.0,1264.0,25564.0,13.22,8277.0,783.0,2248.0,6660.0,33841.0,,,,,,,,,,,,,both
7985,2022,NORTHROP GRUMMAN CORP,NOC,1133421.0,2587.0,43755.0,1435.0,27786.0,31.47,8816.0,978.0,4896.0,8344.0,36602.0,0.0,0.1485884101040119,16.217430368373766,6.488354547445789,13.528481012658228,8.691910499139414,138.0484114977307,6.512021263742902,24.904214559386972,117.79359430604983,25.285285285285287,8.158742353949352,both
8358,2019,PARKER-HANNIFIN CORP,PH,76334.0,1413.155,17576.69,195.089,10257.995,11.48,4062.329,1678.132,1512.364,2464.488,14320.324,,,,,,,,,,,,,both
8358,2022,PARKER-HANNIFIN CORP,PH,76334.0,1731.925,25943.943,230.044,11111.292,10.09,4750.316,2214.553,1315.605,2913.807,15861.608,0.0,0.1485884101040119,22.55732739862223,47.604258822338004,17.917463311616753,8.318360459329515,-12.108013937282234,16.935777481341358,31.965363868873236,-13.010029331563036,18.231738194708193,10.7629129061605,both
8762,2019,PROCTER & GAMBLE CO,PG,80424.0,11260.0,115095.0,3347.0,31423.0,1.43,36261.0,5017.0,3897.0,4951.0,67684.0,,,,,,,,,,,,,both
8762,2022,PROCTER & GAMBLE CO,PG,80424.0,14882.0,117208.0,3156.0,39350.0,5.81,40837.0,6924.0,14742.0,5143.0,80187.0,0.0,0.1485884101040119,32.166962699822385,1.8358747121942742,-5.7066029279952195,25.2267447411132,306.2937062937063,12.619618874272634,38.01076340442496,278.29099307159356,3.8780044435467587,18.472608001891142,both
9203,2019,ROCKWELL AUTOMATION,ROK,1024478.0,694.6,6113.0,132.8,3642.5,5.83,3052.3,575.7,695.8,1178.7,6694.8,,,,,,,,,,,,,both
9203,2022,ROCKWELL AUTOMATION,ROK,1024478.0,1028.0,10758.7,141.1,4419.5,7.97,3340.9,1054.2,932.2,1736.7,7760.4,0.0,0.1485884101040119,47.998848257990204,75.99705545558648,6.249999999999987,21.331503088538092,36.706689536878216,9.455164957572974,83.11620635747785,33.97528025294626,47.34029015016544,15.916830973292695,both
9777,2019,SMUCKER (JM) CO,SJM,91419.0,782.0,16970.4,269.3,4589.8,6.84,3211.2,895.3,779.5,551.4,7801.0,,,,,,,,,,,,,both
9777,2022,SMUCKER (JM) CO,SJM,91419.0,,,,,,,,,,,,,,,,,,,,,,,left_only
10793,2019,TYSON FOODS INC  -CL A,TSN,100493.0,1926.0,33097.0,1259.0,36214.0,5.52,6191.0,4108.0,2022.0,2173.0,42405.0,,,,,,,,,,,,,both
10793,2022,TYSON FOODS INC  -CL A,TSN,100493.0,2483.0,36821.0,1887.0,45713.0,8.92,7569.0,5514.0,3238.0,2577.0,53282.0,0.0,0.1485884101040119,28.920041536863966,11.251775085355169,49.88085782366958,26.23018722041199,61.59420289855073,22.25811662090131,34.22590068159688,60.13847675568744,18.59180855959503,25.650277089965805,both
11060,2019,VF CORP,VFC,103379.0,407.021,11133.251,288.189,4393.686,1.57,6080.618,1293.912,679.449,1309.232,10474.304,,,,,,,,,,,,,both
11060,2022,VF CORP,VFC,103379.0,,,,,,,,,,,,,,,,,,,,,,,left_only
11259,2019,WALMART INC,WMT,104169.0,46973.0,236495.0,10705.0,383618.0,5.19,137808.0,44435.0,14881.0,6284.0,521426.0,,,,,,,,,,,,,both
11259,2022,WALMART INC,WMT,104169.0,53742.0,243197.0,16857.0,452776.0,4.27,155705.0,56576.0,11680.0,7933.0,608481.0,0.0,0.1485884101040119,14.4104059779022,2.833886551512717,57.46847267631948,18.02782976815478,-17.726396917148378,12.986909323116219,27.323056149431757,-21.51065116591627,26.241247612985358,16.695561786332096,both
11264,2019,WALGREENS BOOTS ALLIANCE INC,WBA,1618921.0,14341.0,67598.0,1702.0,104644.0,4.31,32222.0,9333.0,3982.0,7226.0,136866.0,,,,,,,,,,,,,both
11264,2022,WALGREENS BOOTS ALLIANCE INC,WBA,1618921.0,11255.0,90124.0,1734.0,103252.0,5.01,29451.0,8354.0,4337.0,5017.0,132703.0,0.0,0.1485884101040119,-21.51872254375567,33.32347110861268,1.8801410105757932,-1.3302243798019955,16.24129930394432,-8.599714480789522,-10.489660345012322,8.91511803114013,-30.570163299197343,-3.0416611868542955,both
11399,2019,WESTERN DIGITAL CORP,WDC,106040.0,1898.0,26370.0,876.0,11013.0,-2.58,5556.0,3283.0,-754.0,1204.0,16569.0,,,,,,,,,,,,,both
11399,2022,WESTERN DIGITAL CORP,WDC,106040.0,2222.0,26259.0,1122.0,11697.0,4.75,7096.0,3638.0,1500.0,2804.0,18793.0,0.0,0.1485884101040119,17.070600632244467,-0.42093287827076226,28.08219178082192,6.210841732497957,-284.108527131783,27.717782577393805,10.813280536095036,-298.9389920424403,132.89036544850498,13.422656768664373,both
11672,2019,TJX COS INC (THE),TJX,109198.0,2672.557,24145.003,1223.116,28978.477,2.67,12738.5,4872.592,3272.193,386.261,41716.977,,,,,,,,,,,,,both
11672,2022,TJX COS INC (THE),TJX,109198.0,3794.0,28349.0,1457.0,35262.0,2.97,14674.0,5819.0,3498.0,682.0,49936.0,0.0,0.1485884101040119,41.96142495744713,17.411457766230136,19.12198025371265,21.683413521007335,11.235955056179787,15.194096636181653,19.4230914470163,6.900784886466043,76.56455091246592,19.701866221035147,both
12142,2019,ORACLE CORP,ORCL,1341439.0,637.0,115438.0,1564.0,6556.0,3.08,32512.0,211.0,10135.0,6329.0,39068.0,,,,,,,,,,,,,both
12142,2022,ORACLE CORP,ORCL,1341439.0,,,,,,,,,,,,,,,,,,,,,,,left_only
12540,2019,ADOBE INC,ADBE,796343.0,209.499,20762.4,394.479,1272.564,6.0,9898.733,0.0,2951.458,1534.809,11171.297,,,,,,,,,,,,,both
12540,2022,ADOBE INC,ADBE,796343.0,379.0,27165.0,442.0,1740.0,10.1,15866.0,0.0,4756.0,2065.0,17606.0,0.0,0.1485884101040119,80.90778476269577,30.83747543636573,12.046522121583155,36.731826454307985,68.33333333333333,60.283139266409144,,61.14069724183776,34.544428655291966,57.600321609925864,both
13824,2019,FAIR ISAAC CORP,FICO,814547.0,23.118,1433.448,23.981,308.489,6.34,851.594,0.0,192.124,297.427,1160.083,,,,,,,,,,,,,both
13824,2022,FAIR ISAAC CORP,FICO,814547.0,17.273,1442.034,6.029,286.932,14.18,1090.338,0.0,373.541,322.41,1377.27,0.0,0.1485884101040119,-25.283329007699624,0.5989753377869313,-74.85926358367041,-6.987931498367839,123.65930599369086,28.03495562439377,,94.42703670546106,8.399708163683863,18.721677673063038,both
15414,2019,BIO-TECHNE CORP,TECH,842023.0,16.21,1884.41,25.411,187.744,2.47,526.262,91.05,96.072,137.466,714.006,,,,,,,,,,,,,both
15414,2022,BIO-TECHNE CORP,TECH,842023.0,33.865,2294.805,44.908,279.938,6.63,825.661,141.123,272.051,194.548,1105.599,0.0,0.1485884101040119,108.91425046267736,21.778434629406537,76.72661445830545,49.106229759672736,168.42105263157893,56.89162432400592,54.995057660626024,183.17407777500205,41.5244496821032,54.84449710506634,both
15855,2019,GEN DIGITAL INC,GEN,849399.0,87.0,7735.0,89.0,241.0,0.9,2249.0,0.0,3887.0,199.0,2490.0,,,,,,,,,,,,,both
15855,2022,GEN DIGITAL INC,GEN,849399.0,,,,,,,,,,,,,,,,,,,,,,,left_only
16721,2019,ELECTRONIC ARTS INC,EA,712515.0,68.0,11112.0,140.0,1237.0,10.3,4300.0,0.0,3039.0,461.0,5537.0,,,,,,,,,,,,,both
16721,2022,ELECTRONIC ARTS INC,EA,712515.0,,,,,,,,,,,,,,,,,,,,,,,left_only
18043,2019,NEWS CORP,NWSA,1564708.0,411.0,15711.0,572.0,5622.0,0.26,4414.0,348.0,155.0,1593.0,10036.0,,,,,,,,,,,,,both
18043,2019,NEWS CORP,NWS,1564708.0,411.0,15711.0,572.0,5622.0,0.26,4414.0,348.0,155.0,1593.0,10036.0,,,,,,,,,,,,,both
18043,2022,NEWS CORP,NWSA,1564708.0,411.0,17221.0,499.0,5124.0,1.05,5261.0,311.0,623.0,1565.0,10385.0,0.0,0.1485884101040119,0.0,9.61110050283241,-12.762237762237763,-8.858057630736393,303.8461538461538,19.188944268237424,-10.632183908045976,301.93548387096774,-1.7576898932831135,3.4774810681546433,both
18043,2022,NEWS CORP,NWS,1564708.0,411.0,17221.0,499.0,5124.0,1.05,5261.0,311.0,623.0,1565.0,10385.0,0.0,0.1485884101040119,0.0,9.61110050283241,-12.762237762237763,-8.858057630736393,303.8461538461538,19.188944268237424,-10.632183908045976,301.93548387096774,-1.7576898932831135,3.4774810681546433,both
18699,2019,PTC INC,PTC,857005.0,42.442,2664.588,64.411,273.295,-0.23,982.336,0.0,-27.46,393.781,1255.631,,,,,,,,,,,,,both
18699,2022,PTC INC,PTC,857005.0,40.153,4687.268,19.496,333.256,2.65,1600.091,0.0,313.081,653.456,1933.347,0.0,0.1485884101040119,-5.393242542764246,75.90967158900361,-69.7318780953564,21.940028174683018,-1252.173913043478,62.88632402762394,,-1240.1347414420975,65.94401456647223,53.97413730626274,both
20228,2019,CATALENT INC,CTLT,1596783.0,255.8,6184.0,218.1,1484.3,0.9,1033.7,257.2,137.4,732.8,2518.0,,,,,,,,,,,,,both
20228,2022,CATALENT INC,CTLT,1596783.0,421.0,10507.0,660.0,2803.0,2.84,2025.0,702.0,519.0,1497.0,4828.0,0.0,0.1485884101040119,64.58170445660672,69.90620957309184,202.61348005502066,88.84322576298592,215.55555555555554,95.89822966044306,172.9393468118196,277.72925764192144,104.28493449781662,91.73947577442415,both
20232,2019,KEYSIGHT TECHNOLOGIES INC,KEYS,1601046.0,253.0,6623.0,120.0,1463.0,3.25,2840.0,705.0,621.0,713.0,4303.0,,,,,,,,,,,,,both
20232,2022,KEYSIGHT TECHNOLOGIES INC,KEYS,1601046.0,348.0,8098.0,185.0,1750.0,6.18,3670.0,858.0,1124.0,954.0,5420.0,0.0,0.1485884101040119,37.54940711462451,22.27087422618149,54.166666666666664,19.617224880382775,90.15384615384615,29.225352112676056,21.70212765957447,80.99838969404188,33.80084151472651,25.958633511503603,both
20779,2019,CISCO SYSTEMS INC,CSCO,858877.0,2059.0,97793.0,909.0,17609.0,2.61,34295.0,1383.0,11621.0,10965.0,51904.0,,,,,,,,,,,,,both
20779,2022,CISCO SYSTEMS INC,CSCO,858877.0,2281.0,94002.0,477.0,17753.0,2.82,33804.0,2568.0,11812.0,10597.0,51557.0,0.0,0.1485884101040119,10.781932977173385,-3.876555581687851,-47.524752475247524,0.8177636435913453,8.045977011494251,-1.4316955824464208,85.68329718004338,1.643576284312882,-3.3561331509347925,-0.6685419235511714,both
20904,2019,HOLOGIC INC,HOLX,859737.0,186.5,6442.1,109.1,1199.6,-0.76,2167.7,444.9,-203.6,648.7,3367.3,,,,,,,,,,,,,both
20904,2022,HOLOGIC INC,HOLX,859737.0,197.7,9071.2,127.2,1462.9,5.13,3399.9,623.7,1302.0,617.6,4862.8,0.0,0.1485884101040119,6.0053619302949,40.81122615296255,16.590284142988093,21.948982994331462,-774.9999999999999,56.84365917793054,40.18880647336482,-739.4891944990176,-4.794203792199787,44.41243726427702,both
24975,2019,SYNOPSYS INC,SNPS,883241.0,19.815,6405.16,198.129,590.055,3.45,2770.639,141.518,532.367,764.452,3360.694,,,,,,,,,,,,,both
24975,2022,SYNOPSYS INC,SNPS,883241.0,37.58,9418.087,136.589,886.389,6.29,4195.153,211.927,984.594,1056.589,5081.542,0.0,0.1485884101040119,89.65430229624019,47.03905913357355,-31.06057164776484,50.221420037115195,82.31884057971014,51.41463756194871,49.75268163767153,84.94647489419896,38.21521822168036,51.20513798638021,both
25313,2022,STERIS PLC,STE,1757898.0,,,,,,,,,,,,,,,,,,,,,,,left_only
25434,2019,STARBUCKS CORP,SBUX,829224.0,1189.7,19219.6,1806.6,19380.7,2.92,7127.9,1529.4,3599.2,1020.3,26508.6,,,,,,,,,,,,,both
25434,2022,STARBUCKS CORP,SBUX,829224.0,1441.4,27978.4,1841.3,24344.6,2.83,7905.7,2176.6,3281.6,1272.6,32250.3,0.0,0.1485884101040119,21.156594099352784,45.57222835022583,1.9207350824753708,25.612593972353924,-3.0821917808219133,10.912049832348941,42.31724859421994,-8.82418315181151,24.728021170244045,21.659763246644488,both
26156,2019,HEWLETT PACKARD ENTERPRISE,HPE,1645590.0,5595.0,51803.0,2856.0,17367.0,0.77,11768.0,2387.0,1049.0,7688.0,29135.0,,,,,,,,,,,,,both
26156,2022,HEWLETT PACKARD ENTERPRISE,HPE,1645590.0,8717.0,57123.0,3122.0,16692.0,0.66,11804.0,5161.0,868.0,8623.0,28496.0,0.0,0.1485884101040119,55.79982126899017,10.269675501418837,9.313725490196079,-3.8866816375885302,-14.285714285714285,0.30591434398368456,116.21281943862589,-17.25452812202097,12.161810613943809,-2.1932383730907845,both
27965,2019,MICROCHIP TECHNOLOGY INC,MCHP,827054.0,246.8,17426.1,67.6,1851.0,2.23,3423.2,685.7,570.6,934.0,5274.2,,,,,,,,,,,,,both
27965,2022,MICROCHIP TECHNOLOGY INC,MCHP,827054.0,,,,,,,,,,,,,,,,,,,,,,,left_only
28790,2019,LAMB WESTON HOLDINGS INC,LW,1679273.0,244.4,4662.3,167.7,2672.4,2.49,1121.6,486.7,365.9,342.1,3794.0,,,,,,,,,,,,,both
28790,2022,LAMB WESTON HOLDINGS INC,LW,1679273.0,,,,,,,,,,,,,,,,,,,,,,,left_only
29028,2019,COSTCO WHOLESALE CORP,COST,909832.0,11679.0,45400.0,2998.0,131394.0,8.26,21309.0,11395.0,3659.0,1535.0,152703.0,,,,,,,,,,,,,both
29028,2022,COSTCO WHOLESALE CORP,COST,909832.0,17848.0,64166.0,3891.0,197482.0,13.14,29472.0,17907.0,5844.0,2241.0,226954.0,0.0,0.1485884101040119,52.82130319376659,41.33480176211454,29.786524349566378,50.29757827602478,59.07990314769977,38.30775728565395,57.14787187362879,59.71576933588412,45.99348534201955,48.62445400548778,both
29830,2019,WESTROCK CO,WRK,1732845.0,1831.8,30156.7,1369.1,13432.9,3.33,4856.1,2107.5,862.9,2381.2,18289.0,,,,,,,,,,,,,both
29830,2022,WESTROCK CO,WRK,1732845.0,2252.1,28405.5,862.6,16177.6,3.61,5078.9,2317.1,944.6,2927.9,21256.5,0.0,0.1485884101040119,22.944644611857186,-5.807001429201473,-36.995106274194725,20.432669043914576,8.408408408408402,4.588043903543981,9.945432977461442,9.468072777842165,22.95901226272469,16.225600087484278,both
31673,2019,AMERISOURCEBERGEN CORP,ABC,1140859.0,28385.074,39171.98,310.222,174543.941,4.04,5045.18,11060.254,855.365,12386.879,179589.121,,,,,,,,,,,,,both
31673,2022,AMERISOURCEBERGEN CORP,ABC,1140859.0,40192.89,56560.616,496.318,230248.393,8.04,8338.613,15556.394,1698.82,18625.243,238587.006,0.0,0.1485884101040119,41.59867964409745,44.39049545108518,59.98800858739871,31.914285698407614,99.00990099009898,65.27880075636546,40.65132681401348,98.60761195513025,50.36267812093747,32.851591828883656,both
31887,2019,RESMED INC,RMD,943819.0,115.725,4107.682,68.71,994.13,2.8,1612.442,349.641,404.592,538.318,2606.572,,,,,,,,,,,,,both
31887,2022,RESMED INC,RMD,943819.0,159.245,5095.853,134.835,1426.966,5.3,2151.161,743.91,779.437,601.642,3578.127,0.0,0.1485884101040119,37.60639446964788,24.05665774517113,96.23781109008881,43.53917495699757,89.28571428571429,33.410131961335665,112.76394930800448,92.64765492150117,11.763307190173851,37.273284605220944,both
61567,2019,ESTEE LAUDER COMPANIES INC,EL,1001250.0,1490.0,13156.0,744.0,2819.0,4.82,12047.0,2006.0,1785.0,1831.0,14866.0,,,,,,,,,,,,,both
61567,2022,ESTEE LAUDER COMPANIES INC,EL,1001250.0,1822.0,20910.0,1040.0,3598.0,6.55,14143.0,2920.0,2390.0,1629.0,17741.0,0.0,0.1485884101040119,22.28187919463087,58.93888719975676,39.784946236559136,27.633912735012416,35.8921161825726,17.39852245372292,45.56331006979063,33.89355742296919,-11.032222829055161,19.33943226153639,both
61591,2019,NETAPP INC,NTAP,1002047.0,426.0,7522.0,124.0,1596.0,3.52,3816.0,145.0,819.0,973.0,5412.0,,,,,,,,,,,,,both
61591,2022,NETAPP INC,NTAP,1002047.0,,,,,,,,,,,,,,,,,,,,,,,left_only
63172,2019,FACTSET RESEARCH SYSTEMS INC,FDS,1013237.0,79.62,1560.13,59.37,602.946,9.08,832.405,0.0,352.79,146.309,1435.351,,,,,,,,,,,,,both
63172,2022,FACTSET RESEARCH SYSTEMS INC,FDS,1013237.0,108.395,4014.305,51.156,784.423,10.25,1059.469,0.0,396.917,204.102,1843.892,0.0,0.1485884101040119,36.14041698065812,157.3058014396236,-13.835270338554825,30.098383603175073,12.885462555066079,27.278067767493,,12.50800759658719,39.50064589328067,28.462794117954417,both
64630,2019,TAKE-TWO INTERACTIVE SFTWR,TTWO,946581.0,65.684,4948.832,53.384,1360.2,3.54,1728.77,19.108,404.459,674.18,3088.97,,,,,,,,,,,,,both
64630,2022,TAKE-TWO INTERACTIVE SFTWR,TTWO,946581.0,,,,,,,,,,,,,,,,,,,,,,,left_only
64853,2019,QORVO INC,QRVO,1604778.0,246.954,6560.682,164.104,1508.596,2.8,1730.545,517.198,334.325,387.588,3239.141,,,,,,,,,,,,,both
64853,2022,QORVO INC,QRVO,1604778.0,,,,,,,,,,,,,,,,,,,,,,,left_only
64891,2019,RALPH LAUREN CORP,RL,1037038.0,246.8,7279.9,270.3,2347.0,4.98,3812.8,736.2,384.3,415.4,6159.8,,,,,,,,,,,,,both
64891,2022,RALPH LAUREN CORP,RL,1037038.0,,,,,,,,,,,,,,,,,,,,,,,left_only
66065,2019,UNITED RENTALS INC,URI,1067701.0,454.0,18970.0,2350.0,3975.0,15.11,5376.0,120.0,1174.0,1530.0,9351.0,,,,,,,,,,,,,both
66065,2022,UNITED RENTALS INC,URI,1067701.0,1139.0,24183.0,3690.0,4766.0,29.65,6876.0,232.0,2105.0,2004.0,11642.0,0.0,0.1485884101040119,150.8810572687225,27.48023194517659,57.02127659574469,19.89937106918239,96.22766379880873,27.901785714285715,93.33333333333333,79.3015332197615,30.980392156862745,24.50005347021709,both
100243,2019,AMCOR PLC,AMCR,1748790.0,2303.4,17165.0,332.2,7293.8,0.36,2164.4,1953.8,430.2,1864.3,9458.2,,,,,,,,,,,,,both
100243,2022,AMCOR PLC,AMCR,1748790.0,3073.0,17426.0,527.0,11146.0,0.53,3398.0,2439.0,805.0,1935.0,14544.0,0.0,0.1485884101040119,33.41147868368498,1.5205359743664433,58.63937387116196,52.81471935068139,47.222222222222236,56.99501016447975,24.83365748797216,87.12226871222688,3.792308104918739,53.771330697172814,both
117768,2019,NVIDIA CORP,NVDA,1045810.0,687.0,17315.0,489.0,3755.0,4.52,7163.0,979.0,2796.0,1657.0,10918.0,,,,,,,,,,,,,both
117768,2022,NVIDIA CORP,NVDA,1045810.0,1193.0,41182.0,1833.0,10075.0,1.74,16899.0,5159.0,4368.0,3827.0,26974.0,0.0,0.1485884101040119,73.65356622998544,137.84002310135722,274.84662576687117,168.30892143808256,-61.504424778761056,135.92070361580343,426.96629213483146,56.22317596566524,130.95956547978273,147.05990108078402,both
121077,2019,F5 INC,FFIV,1048695.0,62.627,3390.275,103.542,297.404,7.08,1945.043,34.401,427.734,401.436,2242.447,,,,,,,,,,,,,both
121077,2022,F5 INC,FFIV,1048695.0,113.178,5276.194,33.624,457.076,5.27,2238.769,68.365,322.16,789.686,2695.845,0.0,0.1485884101040119,80.71758187363277,55.62731636814123,-67.52622124355334,53.688585224139565,-25.564971751412436,15.10125997214457,98.72968809046245,-24.682162278425366,96.71529210135616,20.21889480554054,both
126554,2019,AGILENT TECHNOLOGIES INC,A,1090872.0,354.0,9452.0,155.0,2140.0,3.37,3023.0,679.0,1071.0,930.0,5163.0,,,,,,,,,,,,,both
126554,2022,AGILENT TECHNOLOGIES INC,A,1090872.0,580.0,10532.0,291.0,2883.0,4.18,3965.0,1038.0,1254.0,1405.0,6848.0,0.0,0.1485884101040119,63.84180790960452,11.426153195090986,87.74193548387098,34.7196261682243,24.03560830860533,31.161098246774728,52.8718703976436,17.086834733893557,51.075268817204304,32.6360643036994,both
140541,2019,TAPESTRY INC,TPR,1116132.0,243.6,6877.3,274.2,1677.4,2.21,4349.7,778.3,643.4,353.9,6027.1,,,,,,,,,,,,,both
140541,2022,TAPESTRY INC,TPR,1116132.0,520.7,7265.3,93.9,1838.8,3.17,4845.7,994.2,856.3,469.5,6684.5,0.0,0.1485884101040119,113.75205254515602,5.641748942172073,-65.75492341356673,9.622034100393458,43.43891402714932,11.403085270248523,27.739946036232826,33.089835250233136,32.6645945182255,10.907401569577402,both
143357,2019,ACCENTURE PLC,ACN,1467373.0,1646.641,29789.88,599.009,29282.379,7.36,13932.634,0.0,4779.112,8095.071,43215.013,,,,,,,,,,,,,both
143357,2022,ACCENTURE PLC,ACN,1467373.0,2559.485,47263.39,717.998,40862.121,10.71,20732.184,0.0,6877.169,11776.775,61594.305,0.0,0.1485884101040119,55.43673454019425,58.65585896955609,19.86430921739073,39.545086142078816,45.51630434782609,48.803047578799536,,43.90056144321372,45.48081171863718,42.52987729056104,both
147579,2019,NETFLIX INC,NFLX,1065280.0,5087.908,33975.712,253.035,12336.634,4.13,7819.813,0.0,1866.916,979.068,20156.447,,,,,,,,,,,,,both
147579,2022,NETFLIX INC,NFLX,1065280.0,5151.663,48594.768,407.729,18831.603,9.95,12783.947,0.0,4491.924,988.898,31615.55,0.0,0.1485884101040119,1.2530690413427128,43.027960679676106,61.13541604916316,52.64782111554902,140.92009685230022,63.4814924602417,,140.60664754064993,1.0040160642570322,56.85080808140442,both
148349,2019,TRANSDIGM GROUP INC,TDG,1260221.0,276.59,16254.731,101.591,2234.243,12.94,2988.96,1232.649,889.77,1111.7,5223.203,,,,,,,,,,,,,both
148349,2022,TRANSDIGM GROUP INC,TDG,1260221.0,279.0,18107.0,119.0,2206.0,13.38,3223.0,1332.0,866.0,1086.0,5429.0,0.0,0.1485884101040119,0.87132578907409,11.395260862822031,17.136360504375396,-1.2640970565869487,3.4003091190108288,7.830148279000053,8.059958674367165,-2.671476898524336,-2.311774759377534,3.9400536414150387,both
150937,2019,SEAGATE TECHNOLOGY HOLDINGS,STX,1137789.0,1420.0,8885.0,602.0,6940.0,7.06,3450.0,970.0,2012.0,989.0,10390.0,,,,,,,,,,,,,both
150937,2022,SEAGATE TECHNOLOGY HOLDINGS,STX,1137789.0,2058.0,8944.0,381.0,7751.0,7.36,3910.0,1565.0,1649.0,1532.0,11661.0,0.0,0.1485884101040119,44.929577464788736,0.6640405177265054,-36.7109634551495,11.685878962536023,4.24929178470256,13.333333333333334,61.34020618556701,-18.041749502982107,54.903943377148636,12.23291626564004,both
157855,2019,SALESFORCE INC,CRM,1108524.0,3376.0,55126.0,643.0,3685.0,0.15,13413.0,0.0,126.0,6623.0,17098.0,,,,,,,,,,,,,both
157855,2022,SALESFORCE INC,CRM,1108524.0,6486.0,98849.0,798.0,6373.0,0.21,24979.0,0.0,208.0,10755.0,31352.0,0.0,0.1485884101040119,92.12085308056872,79.31466095853136,24.10575427682737,72.94436906377206,40.0,86.22977708193544,,65.07936507936508,62.388645628869085,83.3664756111826,both
176928,2019,BROADRIDGE FINANCIAL SOLUTNS,BR,1383312.0,133.7,3880.7,50.6,2959.4,4.06,1402.8,21.1,482.1,664.0,4362.2,,,,,,,,,,,,,both
176928,2022,BROADRIDGE FINANCIAL SOLUTNS,BR,1383312.0,244.9,8168.8,29.0,3784.3,4.55,1924.8,29.3,539.1,946.9,5709.1,0.0,0.1485884101040119,83.17127898279733,110.49810601180201,-42.687747035573125,27.87389335676151,12.068965517241386,37.211291702309666,38.86255924170616,11.823273179838207,42.605421686746986,30.87662188803816,both
177267,2019,TE CONNECTIVITY LTD,TEL,1385157.0,1357.0,19694.0,749.0,8364.0,5.72,5084.0,1836.0,1844.0,2320.0,13448.0,,,,,,,,,,,,,both
177267,2022,TE CONNECTIVITY LTD,TEL,1385157.0,1593.0,20782.0,768.0,10236.0,7.47,6045.0,2676.0,2428.0,2865.0,16281.0,0.0,0.1485884101040119,17.391304347826086,5.524525236112521,2.53671562082777,22.381635581061694,30.594405594405593,18.902439024390244,45.751633986928105,31.670281995661604,23.49137931034483,21.06632956573468,both
180711,2019,BROADCOM INC,AVGO,1730168.0,855.0,67493.0,432.0,6136.0,6.46,16461.0,874.0,2724.0,3259.0,22597.0,,,,,,,,,,,,,both
180711,2022,BROADCOM INC,AVGO,1730168.0,998.0,73249.0,424.0,7714.0,26.53,25489.0,1925.0,11495.0,2958.0,33203.0,0.0,0.1485884101040119,16.72514619883041,8.528291822855703,-1.8518518518518516,25.717079530638852,310.68111455108357,54.84478464248831,120.2517162471396,321.9897209985316,-9.235961951518872,46.93543390715582,both
